id;wrkfrc_uniq_id_val;crtd_dt;mdfd_d;frst_nm;sev_frst_nm;midl_nm;sec_last_nm;last_nm;wrkfrc_prfrd_nm;wrkfrc_prfrd_lm;pstn_ttl_nm;scrtr_id;sctr_nm;divsn_id;divsn_nm;rgn_id;rgn_nm;bu_id;bu_nm;mu_id;mu_nm;job_fnctn_cdv;job_fnctn_nm;job_sbfnctn_cdv;job_sbfnctn_nm;mngr_id;bus_desk_telnm;bus_cell_telnm;fax_telnm;wrkfrc_email_addr_val;loc_nm;loc_addr_ln_1_txt;loc_addr_ln_2_txt;loc_addr_ln_3_txt;loc_addr_ln_4_txt;loc_city_nm;loc_pstl_area_val;loc_terr_cdv;loc_terr_nm;loc_ctry_cdv;loc_ctry_nm;cntrctr_wrksite_ctry_val;loc_tmzn_nm;lang_prfrd_iso_nm;wrkfrc_hire_dt;wrkfrc_orignl_hire_dt
1;capacitor Executive infomediaries;2020-01-15T09:23:37;2020-01-14T19:18:43;Team-oriented Hat white;Credit Card Account;Denmark Accounts Solutions;Sri Lanka Rupee multi-byte innovate;Practical Rubber Keyboard sensor;framework SSL lime;North Carolina backing up hub;Clothing Grass-roots;multi-state digital rich;Operations Avon;pricing structure copy;integrated;Tasty Soft Mouse XSS Visionary;Ergonomic Rubber Mouse Zambian Kwacha;Armenia connect time-frame;purple Balanced Somalia;enable;Advanced;grey;back-end;Grocery payment methodology;Lead Virtual;Shirt interfaces;Intelligent Rubber Sausages discrete compress;protocol Accountability innovative;Investor Generic Wooden Computer budgetary management;Focused Health Wooden;capacitor Vietnam Berkshire;multimedia;mint green;artificial intelligence bifurcated Organic;methodologies;Soft;Security;Terrace program;plug-and-play wireless;CSS Assurance incremental;Hat Salad;Nebraska overriding;Iranian Rial;Strategist bypassing Licensed Soft Pizza;Implementation;Kansas generating empowering
2;ADP;2020-01-14T22:36:44;2020-01-14T21:42:12;Industrial;Colombian Peso Unidad de Valor Real bluetooth;blue Arizona Bedfordshire;transmitting;International Electronics;Trafficway;Refined Burundi;Toys;Avon front-end;azure Cambridgeshire calculating;payment;Central online Berkshire;Macao;object-oriented Forint;Investment Account firewall;compelling Tasty Senior;Shoes quantify;exploit;Latvia;Investment Account Practical Cotton Car;Metal Brand;withdrawal customized;pixel Florida;virtual reboot;seize Tuna Islands;Iceland Krona;haptic;Jewelery HTTP;open-source Saint Barthelemy EXE;Arizona mobile payment;Soft payment Integration;Jewelery bluetooth morph;HDD Steel Interactions;extensible;parse Borders Bulgarian Lev;experiences Valley;Business-focused synthesizing;Home;Integration enterprise Creative;Bahrain uniform Tasty;Savings Account Paradigm;HTTP user-facing Cyprus;Lempira
3;knowledge base Garden Legacy;2020-01-15T01:45:06;2020-01-15T01:24:33;Hat;Personal Loan Account PCI Handcrafted;Bedfordshire Alabama overriding;FTP clicks-and-mortar;Incredible North Korean Won;Manager users Pound Sterling;virtual AGP benchmark;vortals;withdrawal;Developer;Generic Rubber Bike Functionality Plains;Handcrafted;mission-critical bypassing XML;groupware;e-business;transmit Awesome;Zambian Kwacha;Savings Account;Right-sized Graphical User Interface Wyoming;zero tolerance Metal override;programming;Industrial;navigate e-enable Incredible;Streets;withdrawal Intelligent;Moldova Kip Chilean Peso Unidades de fomento;compress;Kids;Bacon;Cambridgeshire;web services;niches;Investor;Dynamic Pitcairn Islands;Handmade Wooden Chair evolve;Pa'anga;Functionality;neural;JBOD aggregate;Towels;SDD;Bedfordshire Handcrafted generate;Industrial mindshare
4;systems Chips;2020-01-14T18:55:34;2020-01-15T14:16:10;Checking Account Credit Card Account;transmitter product;EXE Personal Loan Account Books;program;National partnerships Licensed Concrete Hat;backing up website multimedia;Small Soft Hat;Fish;Cambridgeshire hierarchy;Cotton scalable indigo;New Zealand Dollar program Baby;Handcrafted;Manager;Granite;motivating;deposit;program synthesize ubiquitous;program;pixel cyan;Fresh Ergonomic;Infrastructure;Director;structure;override;cross-platform;Idaho capacity Tuna;Outdoors withdrawal;Generic Soft Gloves Handmade Rubber Salad North Carolina;info-mediaries;Orchestrator Checking Account;empower;dot-com Indiana transmitting;Phased interface;SAS magenta plug-and-play;Courts interactive;Implemented Towels;Clothing needs-based;Indiana;Cuba;forecast;Computers Central;deposit Bike Ball;program program front-end
5;Borders;2020-01-15T08:02:16;2020-01-15T15:38:15;Bedfordshire client-server New Hampshire;Generic;Tunisian Dinar Croatia Response;Sleek Wooden Bacon hack COM;Identity;index discrete;eyeballs Tuna olive;National Pants;indexing;Cambridgeshire azure;Gorgeous Rubber Bacon auxiliary invoice;Credit Card Account Checking Account responsive;revolutionize Ergonomic Concrete Pants Corporate;quantify Associate;Checking Account alarm;end-to-end;Awesome Rubber Pants Kuwaiti Dinar;Outdoors;Rial Omani United Kingdom Trinidad and Tobago Dollar;Solutions;Configuration Intelligent Frozen Pizza;facilitate;Hills Implementation sexy;Louisiana Facilitator;Small;deposit Small Granite Car;zero tolerance Avon Home Loan Account;monitor Fantastic Granite Table;Horizontal;optical;robust Fresh Pizza;Investment Account Tasty Intelligent;Syrian Pound Western Sahara;Cambridgeshire Direct;Awesome;local interface;Incredible Frozen Mouse structure;definition Metrics;Pants;Holy See (Vatican City State);maximize Turkish Lira protocol;Engineer;partnerships HTTP
6;Intelligent Soft Chips Division utilisation;2020-01-15T07:33:24;2020-01-14T23:09:39;backing up;Movies withdrawal program;Intuitive override Buckinghamshire;Pizza invoice;e-business;online bypassing;Director;Personal Loan Account Iowa Developer;extend benchmark Incredible;e-tailers partnerships Cambridgeshire;Forges generating Intranet;feed transmitter;Cheese;partnerships blue;haptic;haptic;applications Branch program;Concrete Shoes;El Salvador Colon US Dollar navigate;Money Market Account primary Open-source;mission-critical turquoise;Bacon;Ramp Lead;Credit Card Account web-enabled transmitting;pink indexing;maroon Handmade Direct;content generate;ivory Martinique;Future Licensed Fresh Pizza bleeding-edge;Sleek Park;invoice;Robust Credit Card Account Cheese;Legacy Alaska;Car interface adapter;Metal;Ergonomic Afghani;Christmas Island;superstructure;markets;Graphical User Interface Integrated;auxiliary SAS PNG;blue visionary Congo;withdrawal gold withdrawal
7;Industrial Investment Account;2020-01-15T14:12:04;2020-01-15T04:37:51;Rustic Jewelery Jewelery;Florida Poland;front-end Producer;Metrics Function-based Rustic;Quality Jordan purple;Corporate Borders;open system Industrial cutting-edge;Up-sized;Jamaica Gloves;vertical;Reverse-engineered Finland Keyboard;application;Dynamic Implementation;Buckinghamshire;Roads parse;parse Generic Wooden Cheese Turkmenistan;sexy info-mediaries Soft;Gorgeous cultivate white;Borders;Auto Loan Account;instruction set;Alley;Buckinghamshire;transmit;Checking Account Libyan Dinar system;generate Neck programming;Israel;Illinois value-added;Legacy;Jewelery Metrics;Research;deposit;transmitting Portugal;Electronics;program Forge Flat;Maine;Syrian Pound Turkmenistan dot-com;deposit Metal;Virtual;payment;Sausages context-sensitive;Steel 6th generation port;seamless
8;deposit Electronics synergistic;2020-01-15T14:59:10;2020-01-15T03:07:31;reciprocal Buckinghamshire Automated;Hawaii overriding;Architect;Licensed;Home Loan Account;Ethiopian Birr;generating withdrawal indexing;olive web-enabled partnerships;Nevada;Unbranded Plastic Pants;Fundamental;digital Pants;multi-byte violet evolve;Baby;Lead;project deposit Rustic;Movies;Small Fresh Pants;Utah;XSS;Haven;Dynamic;Incredible Cotton Tuna Practical Fresh Chair Moldova;Awesome Fresh Pizza;Down-sized;Micronesia Practical Digitized;Sleek TCP one-to-one;orange Field Ball;California;Personal Loan Account;white Chicken New Israeli Sheqel;Car deposit;Lights Avon;Producer Parkways protocol;Tasty SMS Garden;Frozen Internal River;engage Timor-Leste Italy;Shirt;SAS Money Market Account Small Rubber Computer;monitoring input;cross-platform;Savings Account Ouguiya RAM;Zimbabwe Dollar withdrawal
9;Grocery Hungary;2020-01-14T20:09:48;2020-01-15T15:58:19;Marketing Borders European Monetary Unit (E.M.U.-6);Russian Federation;New Jersey Rubber;Ergonomic Frozen Hat Phased;Shirt;Profit-focused;Facilitator black;Rhode Island Cambridgeshire;flexibility connect;ubiquitous program Ergonomic;auxiliary;Germany;copy functionalities;quantifying;Intelligent;Electronics;withdrawal;JSON Wooden;red yellow deposit;B2B optical;Handcrafted Representative;Customer Cambridgeshire;Sleek Shirt;strategy Investment Account systems;back-end;AI Square Small Rubber Hat;Assurance Security;Avon;back up Mexico;Intranet project;Unbranded Concrete Towels real-time Product;virtual;Missouri Bike Handmade Wooden Car;SQL transition interface;Savings Account Sri Lanka Rupee;Wyoming hacking;Rustic Steel Bike Licensed Granite Pizza;District multi-byte;auxiliary;withdrawal;Djibouti orchestration;Pizza;South Dakota
10;Communications Strategist multi-byte;2020-01-15T11:08:17;2020-01-14T22:49:58;function;program;Rustic Granite Tuna enterprise Tasty;Handmade Metal Soap Functionality capacity;alarm empower Principal;XSS;XSS empower Buckinghamshire;bandwidth RAM hardware;back up Auto Loan Account back-end;connecting parsing deposit;transition;Surinam Dollar;deposit Grocery Handcrafted Steel Sausages;scale Checking Account;payment;applications;methodologies;Bedfordshire;compressing Plastic;disintermediate;Small Plastic;Home Loan Account;Pizza Triple-buffered Graphical User Interface;success parse connect;Chief Incredible Fresh Cheese;generating;Mexican Peso Mexican Unidad de Inversion (UDI) maroon Checking Account;Sleek Plastic Keyboard mobile Checking Account;Awesome SSL;extranet silver bus;Division;multi-byte Delaware high-level;Developer eyeballs;Outdoors;Clothing;transmitting matrix;sky blue utilize Decentralized;mobile violet recontextualize;Incredible standardization mobile;Ohio;Balboa US Dollar wireless Direct;Identity Markets;Assurance Granite iterate
