id;id_fk;fun_group;building;floor;mail_drop;assistant;alt_contact_mobile;alt_contact_email;alt_contact_name;alt_phone_num;alt_loc_nm;erg_memberships;pepsico_networks;hobbies;birthday;photo;photo_content_type;photo_ext;hometown;hire_date;skills;interests;current_role;prj_worked;education;pers_note;social_links
1;65087;Grocery;Rubber;Qatari Rial Accounts;Baby bluetooth Tanzania;JSON;application Florida National;calculate Money Market Account;Fantastic Granite Keyboard Kansas Mouse;Berkshire;Dynamic Plastic;access Maine;solid state synthesizing alarm;Movies exploit Steel;2020-01-15T05:45:14;../fake-data/blob/hipster.png;image/png;Walks Buckinghamshire;alarm;productize;database invoice;wireless;Canadian Dollar Checking Account;reboot;Cote d'Ivoire;methodologies;drive neural-net Fully-configurable
2;93359;payment Rustic Wooden Fish;turquoise;Skyway Ergonomic Honduras;Car cyan;Philippines Palau;FTP Movies;multi-byte Garden Heights;5th generation;Congolese Franc;Georgia Field;Representative Baht red;Incredible;Fantastic Fresh Cheese;2020-01-15T03:33:01;../fake-data/blob/hipster.png;image/png;Ball paradigms;withdrawal;Rustic override;South Carolina Tools Bike;Grove parse;Tasty Rubber Soap;Automotive mobile Producer;Division Pants;Minnesota Ohio;Texas
3;76673;turquoise;Moldovan Leu bluetooth Intelligent;Concrete Michigan;payment Small Gloves;Music Cambridgeshire;Associate;schemas;Comoros;Personal Loan Account indexing;Manors Handcrafted optical;world-class;technologies rich help-desk;white violet salmon;2020-01-15T05:43:34;../fake-data/blob/hipster.png;image/png;black Rustic Metal Tuna;Industrial Investment Account background;Clothing;transmitting Oklahoma Avon;Iranian Rial Table;violet target Rubber;Ball viral;Avon;deposit SQL;SDD cyan
4;7135;Direct Concrete;Gorgeous deposit synthesizing;copying New Mexico;Ergonomic Granite Soap regional;relationships;1080p front-end;lime leverage;Rubber Table;customized;Global New York driver;Directives;Tactics Bedfordshire;visualize;2020-01-15T14:18:14;../fake-data/blob/hipster.png;image/png;Investment Account cross-platform;SCSI fuchsia;web-enabled Mountain;Product Malta;Montana;Azerbaijanian Manat;JBOD calculate Kip;Assistant;quantify;Liechtenstein New Hampshire digital
5;52065;Louisiana Dynamic;Brand Zambian Kwacha Florida;Kina Kansas;Rupiah Berkshire morph;parsing Bacon;Data solutions;secondary Music;back-end solution generating;Dynamic Plastic magenta;Iceland Krona;XML withdrawal;XML;zero administration;2020-01-15T09:08:07;../fake-data/blob/hipster.png;image/png;transmitting Intranet Rand Loti;Regional Outdoors;navigating Greens Facilitator;monitoring;Rue override;Stand-alone Frozen;Sports;B2B;Granite;Money Market Account Associate
6;35349;Licensed Concrete Shirt;Uruguay Jewelery Garden;Points Frozen application;withdrawal Cheese;invoice;Marketing Sausages Rubber;Jordan;Tasty Soft Towels connecting Bedfordshire;Triple-buffered deposit Legacy;Avon Chips Lakes;deposit;Liaison Pines monitoring;killer Bouvet Island (Bouvetoya) Rapid;2020-01-14T22:40:24;../fake-data/blob/hipster.png;image/png;niches Washington;Borders Home Bacon;input e-tailers;application;Auto Loan Account;Incredible Frozen Sausages bus;Solutions Visionary Administrator;Slovakia (Slovak Republic) monetize Zambian Kwacha;hack;programming index standardization
7;21752;IB Rhode Island;Guinea;Shoes Cliff;asynchronous THX Grove;Bedfordshire;Islands UIC-Franc withdrawal;Rial Omani;Chief mesh Computer;Intranet;Outdoors parallelism vortals;Bedfordshire;Incredible Rubber Mouse;Uzbekistan;2020-01-15T08:54:26;../fake-data/blob/hipster.png;image/png;Tasty Concrete Pizza eco-centric;Harbor;Specialist Research;Factors;Rubber International;best-of-breed XSS ADP;Regional;digital Avenue;navigate Designer sky blue;withdrawal
8;8530;backing up Cambridgeshire HDD;portals Metal back-end;Electronics Savings Account quantify;Cambridgeshire Turkish Lira;Lane Jordanian Dinar 24/7;sexy Cotton;Iraqi Dinar Handcrafted AGP;invoice Berkshire override;Mobility Soap integrate;Human Consultant hack;Accountability Heights;web-readiness Niger ROI;Berkshire application Credit Card Account;2020-01-15T13:46:50;../fake-data/blob/hipster.png;image/png;collaborative;Ameliorated El Salvador Colon US Dollar Mount;quantify Incredible;Gorgeous Concrete Pants teal system;Reduced Savings Account Integration;sticky;Naira Communications program;Music harness;microchip;interfaces Senegal port
9;83120;Lebanon Program Toys;Identity Egyptian Pound AGP;target Buckinghamshire;Clothing;e-markets haptic;Coordinator Designer clicks-and-mortar;Croatia Producer CSS;Savings Account;web-enabled Regional Configuration;Maryland homogeneous;Peru Ball;facilitate algorithm;mint green;2020-01-15T15:49:16;../fake-data/blob/hipster.png;image/png;Avon Bacon knowledge user;system encompassing;Buckinghamshire Awesome Fresh Keyboard Specialist;withdrawal Organic;B2B Indiana;matrices open-source TCP;turn-key Supervisor;Cambridgeshire;Accountability Small XML;Towels
10;31602;Practical hack Intelligent;mobile Extended integrate;Digitized Intelligent Rubber Sausages;Plastic Unbranded;moratorium;Tuna Grocery;Auto Loan Account;Argentina Soft Borders;Orchestrator;driver emulation Extended;Metrics Berkshire;context-sensitive Sleek Wooden Table Officer;PCI Customer vertical;2020-01-14T18:23:51;../fake-data/blob/hipster.png;image/png;compressing;Credit Card Account eyeballs circuit;indigo Stravenue;alarm Mississippi;e-enable;Borders;Awesome Fresh Shirt;Handmade;Planner white experiences;back up
